Node,AverageAttackRate
0,0.041422
1,0.026237
2,0.023323
3,0.046018
4,0.020492
5,0.026211
6,0.026318
7,0.031091
8,0.040227
9,0.046042
10,0.029939
11,0.029439
12,0.012465
13,0.024377
14,0.027716
15,0.032607
16,0.021217
17,0.028377
18,0.013571
19,0.032879
20,0.012365
21,0.019999
22,0.036977
23,0.019340
24,0.027886
25,0.039666
26,0.024543
27,0.038251
28,0.025084
29,0.040559
30,0.024627
31,0.030606
32,0.024001
33,0.060612
34,0.038268
35,0.023858
36,0.027363
37,0.038359
38,0.022805
39,0.029225
40,0.030417
41,0.012543
42,0.055552
43,0.019463
44,0.028505
45,0.029466
46,0.032494
47,0.037740
48,0.025702
49,0.032161
50,0.032883
51,0.049984
52,0.019513
53,0.026810
54,0.033652
55,0.019293
56,0.040713
57,0.033056
58,0.046242
59,0.023009
60,0.025861
61,0.026106
62,0.020392
63,0.033806
64,0.037335
65,0.030953
66,0.013833
67,0.042668
68,0.040083
69,0.024132
70,0.053684
71,0.037822
72,0.023320
73,0.039653
74,0.034383
75,0.032776
76,0.035381
77,0.045390
78,0.032416
79,0.032507
80,0.026158
81,0.029212
82,0.021455
83,0.025060
84,0.036297
85,0.059512
86,0.045575
87,0.035467
88,0.020735
89,0.021914
90,0.043216
91,0.029244
92,0.024908
93,0.036124
94,0.029075
95,0.035880
96,0.038408
97,0.026756
98,0.035720
99,0.023672
100,0.024639
101,0.041630
102,0.036328
103,0.019130
104,0.028901
105,0.038088
106,0.010846
107,0.032381
108,0.031102
109,0.019816
110,0.037191
111,0.017869
112,0.030807
113,0.043226
114,0.018011
115,0.023290
116,0.029290
117,0.025341
118,0.034794
119,0.047385
120,0.036518
121,0.036651
122,0.025175
123,0.024002
124,0.025566
125,0.031298
126,0.020533
127,0.034217
128,0.030228
129,0.036391
130,0.025554
131,0.021496
132,0.015802
133,0.031914
134,0.023779
135,0.032947
136,0.024785
137,0.028873
138,0.028195
139,0.043240
140,0.033668
141,0.033052
142,0.024603
143,0.041379
144,0.029035
145,0.041415
146,0.032767
147,0.036440
148,0.019304
149,0.024050
150,0.031140
151,0.042283
152,0.038128
153,0.046463
154,0.039565
155,0.033783
156,0.030159
157,0.038054
158,0.012787
159,0.045216
160,0.034708
161,0.034157
162,0.017843
163,0.036763
164,0.037851
165,0.017643
166,0.018803
167,0.035319
168,0.032100
169,0.025640
170,0.017892
171,0.036412
172,0.027347
173,0.017599
174,0.023027
175,0.037328
176,0.031739
177,0.046389
178,0.008821
179,0.022494
180,0.013225
181,0.042514
182,0.031251
183,0.035060
184,0.026683
185,0.031239
186,0.035354
187,0.020411
188,0.028967
189,0.038833
190,0.030342
191,0.030510
192,0.026546
193,0.026928
194,0.024264
195,0.035781
196,0.028374
197,0.032278
198,0.015270
199,0.024233
200,0.032568
201,0.023616
202,0.033724
203,0.024419
204,0.031198
205,0.028241
206,0.066432
207,0.021108
208,0.018610
209,0.033285
210,0.026991
211,0.019768
212,0.043133
213,0.030992
214,0.025243
215,0.014371
216,0.033079
217,0.029492
218,0.027778
219,0.035240
220,0.036037
221,0.048646
222,0.030297
223,0.026290
224,0.026514
225,0.042297
226,0.033996
227,0.049634
228,0.018803
229,0.027148
230,0.019645
231,0.010411
232,0.048129
233,0.023102
234,0.026358
235,0.011180
236,0.051860
237,0.019160
238,0.045334
239,0.037457
240,0.019721
241,0.023492
242,0.026871
243,0.017177
244,0.031227
245,0.023361
246,0.021609
247,0.046722
248,0.036061
249,0.027253
250,0.040360
251,0.039026
252,0.027447
253,0.032660
254,0.030697
255,0.021299
256,0.046594
257,0.036599
258,0.023977
259,0.029038
260,0.045550
261,0.024089
262,0.027767
263,0.047891
264,0.032030
265,0.025214
266,0.017688
267,0.034393
268,0.031151
269,0.031587
270,0.028022
271,0.034593
272,0.053514
273,0.039210
274,0.016610
275,0.025207
276,0.035723
277,0.033237
278,0.049748
279,0.042216
280,0.032127
281,0.043455
282,0.014456
283,0.039674
284,0.038148
285,0.022877
286,0.036167
287,0.043838
288,0.023576
289,0.034111
290,0.018081
291,0.045712
292,0.043920
293,0.027633
294,0.021697
295,0.019658
296,0.030261
297,0.030885
298,0.033062
299,0.022776
300,0.043186
301,0.029143
302,0.036491
303,0.029609
304,0.024355
305,0.039604
306,0.031911
307,0.013476
308,0.027114
309,0.031878
310,0.038042
311,0.034497
312,0.031158
313,0.029795
314,0.032571
315,0.047355
316,0.035219
317,0.022772
318,0.031815
319,0.038257
320,0.047269
321,0.023168
322,0.023554
323,0.040525
324,0.024864
325,0.030823
326,0.037119
327,0.023697
328,0.040729
329,0.023715
330,0.030091
331,0.039826
332,0.022987
333,0.061544
334,0.044554
335,0.031185
336,0.030121
337,0.031979
338,0.015047
339,0.028471
340,0.045128
341,0.028763
342,0.029537
343,0.021618
344,0.031277
345,0.030579
346,0.008232
347,0.045583
348,0.032271
349,0.023061
350,0.035272
351,0.023049
352,0.015099
353,0.046138
354,0.019789
355,0.041771
356,0.026818
357,0.024570
358,0.030478
359,0.023320
360,0.027125
361,0.018081
362,0.026050
363,0.018005
364,0.039848
365,0.038674
366,0.033316
367,0.040311
368,0.041562
369,0.033958
370,0.030490
371,0.028772
372,0.014360
373,0.024273
374,0.042299
375,0.027372
376,0.026130
377,0.038902
378,0.039237
379,0.036371
380,0.037946
381,0.040185
382,0.016611
383,0.020120
384,0.029589
385,0.035765
386,0.028636
387,0.027384
388,0.048449
389,0.015181
390,0.020392
391,0.038457
392,0.039093
393,0.028306
394,0.023822
395,0.019988
396,0.027275
397,0.038310
398,0.030836
399,0.022453
400,0.026522
401,0.024674
402,0.047516
403,0.019088
404,0.023557
405,0.030773
406,0.031766
407,0.033576
408,0.025974
409,0.043075
410,0.053733
411,0.041693
412,0.031590
413,0.030810
414,0.037054
415,0.033556
416,0.027703
417,0.009933
418,0.038252
419,0.024226
420,0.040555
421,0.045835
422,0.038480
423,0.024574
424,0.024906
425,0.025588
426,0.021304
427,0.018060
428,0.024418
429,0.029974
430,0.040116
431,0.023228
432,0.019526
433,0.014362
434,0.024453
435,0.032724
436,0.032193
437,0.028344
438,0.027703
439,0.036055
440,0.032543
441,0.023874
442,0.034737
443,0.031421
444,0.031860
445,0.041187
446,0.028750
447,0.026224
448,0.023543
449,0.028560
450,0.033013
451,0.020861
452,0.014586
453,0.012872
454,0.044287
455,0.042893
456,0.045789
457,0.034943
458,0.041156
459,0.041331
460,0.034193
461,0.021537
462,0.047888
463,0.021853
464,0.024912
465,0.024559
466,0.052536
467,0.031427
468,0.027868
469,0.016113
470,0.043050
471,0.032519
472,0.023792
473,0.031442
474,0.015473
475,0.030871
476,0.051943
477,0.029152
478,0.048536
479,0.034875
480,0.016170
481,0.029326
482,0.031259
483,0.025554
484,0.034398
485,0.024138
486,0.030298
487,0.039416
488,0.029354
489,0.021601
490,0.035105
491,0.030016
492,0.020690
493,0.033925
494,0.038591
495,0.035629
496,0.036643
497,0.042624
498,0.021155
499,0.014874
500,0.033740
501,0.025176
502,0.035484
503,0.020427
504,0.032854
505,0.023627
506,0.040630
507,0.028592
508,0.029671
509,0.021937
510,0.048371
511,0.053103
512,0.036151
513,0.031949
514,0.033460
515,0.014809
516,0.005161
517,0.018146
518,0.029057
519,0.023744
520,0.018610
521,0.049482
522,0.020713
523,0.018632
524,0.016242
525,0.048977
526,0.036588
527,0.017962
528,0.013421
529,0.023962
530,0.027362
531,0.022058
532,0.035108
533,0.019069
534,0.032860
535,0.029613
536,0.038229
537,0.029650
538,0.046442
539,0.038369
540,0.043088
541,0.038945
542,0.024176
543,0.028414
544,0.034991
545,0.020628
546,0.033348
547,0.041588
548,0.042051
549,0.054511
550,0.027143
551,0.023752
552,0.039413
553,0.026328
554,0.044875
555,0.043587
556,0.023428
557,0.031270
558,0.034027
559,0.037640
560,0.032414
561,0.041729
562,0.028889
563,0.015278
564,0.016040
565,0.031873
566,0.042545
567,0.041077
568,0.039327
569,0.035518
570,0.017179
571,0.032372
572,0.047202
573,0.033744
574,0.016053
575,0.020825
576,0.019709
577,0.030683
578,0.048815
579,0.036943
580,0.057526
581,0.030100
582,0.016780
583,0.036550
584,0.027478
585,0.016809
586,0.033230
587,0.028584
588,0.010016
589,0.050329
590,0.021790
591,0.021613
592,0.021074
593,0.042476
594,0.052407
595,0.030164
596,0.017553
597,0.032660
598,0.028628
599,0.014412
600,0.012439
601,0.035872
602,0.021583
603,0.016736
604,0.039431
605,0.031000
606,0.040338
607,0.026810
608,0.041021
609,0.015293
610,0.026279
611,0.026845
612,0.041156
613,0.015722
614,0.031070
615,0.044727
616,0.026947
617,0.032600
618,0.031857
619,0.032180
620,0.046857
621,0.039674
622,0.028408
623,0.020944
624,0.033702
625,0.039465
626,0.037655
627,0.032696
628,0.025157
629,0.024572
630,0.032108
631,0.039710
632,0.024371
633,0.029890
634,0.039554
635,0.023790
636,0.036619
637,0.020322
638,0.025177
639,0.060510
640,0.041184
641,0.051133
642,0.037862
643,0.032458
644,0.012523
645,0.038095
646,0.008945
647,0.022455
648,0.009523
649,0.025706
650,0.035304
651,0.026872
652,0.014529
653,0.033272
654,0.045748
655,0.036903
656,0.029857
657,0.029982
658,0.021003
659,0.044960
660,0.037466
661,0.029866
662,0.022652
663,0.046487
664,0.023794
665,0.046057
666,0.023697
667,0.027892
668,0.034628
669,0.041431
670,0.039933
671,0.019040
672,0.040683
673,0.030668
674,0.036718
675,0.032733
676,0.030332
677,0.020203
678,0.021518
679,0.046722
680,0.031259
681,0.013125
682,0.051862
683,0.023515
684,0.016537
685,0.052452
686,0.019168
687,0.027824
688,0.011565
689,0.014121
690,0.045994
691,0.022560
692,0.037289
693,0.036023
694,0.029130
695,0.026789
696,0.053722
697,0.025083
698,0.040183
699,0.027561
700,0.020918
701,0.013364
702,0.025564
703,0.030792
704,0.032638
705,0.033242
706,0.041731
707,0.036377
708,0.028024
709,0.031034
710,0.029527
711,0.021410
712,0.030317
713,0.035319
714,0.042316
715,0.053661
716,0.031112
717,0.040850
718,0.026001
719,0.030788
720,0.031850
721,0.026467
722,0.029566
723,0.045501
724,0.029563
725,0.028850
726,0.011659
727,0.032203
728,0.041611
729,0.028516
730,0.022812
731,0.039323
732,0.023562
733,0.019979
734,0.028201
735,0.024212
736,0.040348
737,0.030652
738,0.031846
739,0.027856
740,0.017536
741,0.044278
742,0.016483
743,0.053653
744,0.025682
745,0.044566
746,0.040689
747,0.021548
748,0.047140
749,0.054000
750,0.035886
751,0.032290
752,0.045862
753,0.021519
754,0.027157
755,0.039895
756,0.037338
757,0.032567
758,0.030627
759,0.019671
760,0.021861
761,0.031618
762,0.025211
763,0.026758
764,0.029927
765,0.027753
766,0.042394
767,0.023765
768,0.048409
769,0.022177
770,0.021226
771,0.030988
772,0.026185
773,0.031980
774,0.030231
775,0.016119
776,0.040794
777,0.033818
778,0.028067
779,0.027285
780,0.027666
781,0.024620
782,0.035930
783,0.029134
784,0.052808
785,0.046588
786,0.039853
787,0.028739
788,0.026275
789,0.048303
790,0.035517
791,0.033859
792,0.041259
793,0.044379
794,0.030759
795,0.037253
796,0.039605
797,0.034235
798,0.018275
799,0.029783
800,0.039085
801,0.046461
802,0.035847
803,0.029055
804,0.034164
805,0.054092
806,0.011260
807,0.033848
808,0.025997
809,0.023874
810,0.025050
811,0.060334
812,0.040914
813,0.041383
814,0.047781
815,0.043803
816,0.044930
817,0.040013
818,0.068387
819,0.021612
820,0.023272
821,0.016275
822,0.020903
823,0.037156
824,0.036264
825,0.031886
826,0.020721
827,0.011184
828,0.035517
829,0.048283
830,0.040325
831,0.012684
832,0.037968
833,0.024882
834,0.032766
835,0.033609
836,0.034372
837,0.023302
838,0.038171
839,0.040131
840,0.042257
841,0.020246
842,0.037272
843,0.026105
844,0.022454
845,0.024450
846,0.031901
847,0.032160
848,0.017955
849,0.012616
850,0.026055
851,0.014894
852,0.032071
853,0.020603
854,0.028768
855,0.041086
856,0.034147
857,0.029000
858,0.038719
859,0.053761
860,0.040333
861,0.037260
862,0.023843
863,0.032427
864,0.022013
865,0.019891
866,0.041926
867,0.020091
868,0.021377
869,0.016734
870,0.030441
871,0.016123
872,0.040459
873,0.036720
874,0.040852
875,0.048167
876,0.022102
877,0.039124
878,0.037218
879,0.026350
880,0.039245
881,0.037441
882,0.040168
883,0.021209
884,0.029342
885,0.025130
886,0.026648
887,0.036790
888,0.035326
889,0.023675
890,0.035092
891,0.018155
892,0.030914
893,0.021768
894,0.048827
895,0.013702
896,0.026990
897,0.022673
898,0.034085
899,0.039441
900,0.024697
901,0.032895
902,0.026515
903,0.041578
904,0.014246
905,0.019561
906,0.034155
907,0.029356
908,0.029255
909,0.016399
910,0.032843
911,0.019639
912,0.027064
913,0.026189
914,0.017319
915,0.023510
916,0.020679
917,0.018142
918,0.029725
919,0.026656
920,0.024458
921,0.026606
922,0.031023
923,0.018373
924,0.052466
925,0.037449
926,0.031046
927,0.036742
928,0.049193
929,0.025862
930,0.018120
931,0.045023
932,0.030792
933,0.042745
934,0.032656
935,0.039530
936,0.026284
937,0.012208
938,0.032233
939,0.041231
940,0.025233
941,0.031233
942,0.025438
943,0.037232
944,0.050584
945,0.026195
946,0.034984
947,0.029089
948,0.018298
949,0.025948
950,0.040856
951,0.026043
952,0.024342
953,0.023507
954,0.041618
955,0.055292
956,0.027516
957,0.038398
958,0.038251
959,0.038706
960,0.039571
961,0.028624
962,0.056058
963,0.041352
964,0.023184
965,0.020493
966,0.049160
967,0.011421
968,0.027903
969,0.050387
970,0.031957
971,0.023601
972,0.013133
973,0.027677
974,0.029723
975,0.016211
976,0.041249
977,0.043441
978,0.041209
979,0.041764
980,0.032491
981,0.013945
982,0.027384
983,0.027743
984,0.058048
985,0.029795
986,0.028464
987,0.039976
988,0.037049
989,0.025586
990,0.032803
991,0.039582
992,0.026834
993,0.033082
994,0.036224
995,0.025042
996,0.035753
997,0.024089
998,0.037051
999,0.033839
